No,IMG key,MIME,Width,Height,Filename
1,poo-270C,jpeg,560,840,01_poo-270C.jpg
2,poo-270D,jpeg,480,720,02_poo-270D.jpg
3,poo-270E,jpeg,480,720,03_poo-270E.jpg
4,poo-370W,jpeg,480,720,04_poo-370W.jpg
5,poo-440W,jpeg,480,720,05_poo-440W.jpg
6,poo-590Y,jpeg,480,720,06_poo-590Y.jpg
7,poo-780Y,jpeg,480,720,07_poo-780Y.jpg
8,ssial-270C,jpeg,560,840,08_ssial-270C.jpg
9,ssial-270D,jpeg,480,720,09_ssial-270D.jpg
10,ssial-270E,jpeg,480,720,10_ssial-270E.jpg
11,ssial-270F,jpeg,480,720,11_ssial-270F.jpg
12,ssial-SEDDQ,jpeg,480,720,12_ssial-SEDDQ.jpg
13,ssial-440W,jpeg,480,720,13_ssial-440W.jpg
14,ssial-590Y,jpeg,480,720,14_ssial-590Y.jpg
15,ssial-780Y,jpeg,480,720,15_ssial-780Y.jpg
16,ssial-340W,jpeg,480,720,16_ssial-340W.jpg
17,ssial-340H,jpeg,480,720,17_ssial-340H.jpg
18,ssial-1470M,jpeg,480,720,18_ssial-1470M.jpg
19,ssial-980Y,jpeg,480,720,19_ssial-980Y.jpg
20,ssial-1180Y,jpeg,480,720,20_ssial-1180Y.jpg
21,ga-270C,jpeg,560,840,21_ga-270C.jpg
22,ga-270D,jpeg,480,720,22_ga-270D.jpg
23,ga-270E,jpeg,480,720,23_ga-270E.jpg
24,ga-270F,jpeg,480,720,24_ga-270F.jpg
25,ga-SEDDQ,jpeg,480,720,25_ga-SEDDQ.jpg
26,ga-440W,jpeg,480,720,26_ga-440W.jpg
27,ga-590Y,jpeg,480,720,27_ga-590Y.jpg
28,ga-780Y,jpeg,480,720,28_ga-780Y.jpg
29,ga-340W,jpeg,480,720,29_ga-340W.jpg
30,ga-340H,jpeg,480,720,30_ga-340H.jpg
31,ga-980Y,jpeg,480,720,31_ga-980Y.jpg
32,ga-1180Y,jpeg,480,720,32_ga-1180Y.jpg
33,poo-PHS,jpeg,480,720,33_poo-PHS.jpg
34,ga-1470H,jpeg,480,720,34_ga-1470H.jpg
